use book_quest;
INSERT INTO roles (id, name)
VALUES (1, 'ADMIN');
INSERT INTO roles (id, name)
VALUES (2, 'USER');

INSERT INTO users (id, e_mail, full_name, password, role_id)
VALUES (1, 'admin@mail.co', 'Адмін Вінстон', '$2a$10$bIjGIiFFRtxMLutKDvuPTeTtpROhRceXImnIqzOUkkwN/aBMJE/hu', '1');

INSERT INTO authors (id, biography, birth_date, amount_of_books, full_name)
VALUES (1, 'Олесь Біляш - відомий український письменник і поет. Народився 20 травня 1975 року.
Автор трьох визнаних романів, що здобули популярність серед читачів.', '1975-05-20', 3, 'Олесь Біляш');

INSERT INTO authors (id, biography, birth_date, amount_of_books, full_name)
VALUES (2, 'Марія Чорна - талановита письменниця і авторка двох успішних романів. Народилася 12 листопада 1980 року.
Її твори завжди вражають читачів своєю глибиною і емоційністю.', '1980-11-12', 2, 'Марія Чорна');

INSERT INTO authors (id, biography, birth_date, amount_of_books, full_name)
VALUES (3, 'Ігор Лісовий - історик і автор історичних романів. Народився 3 серпня 1968 року.
Його твори славляться точністю в описі подій та захоплюючим сюжетом.', '1968-08-03', 4, 'Ігор Лісовий');

INSERT INTO authors (id, biography, birth_date, amount_of_books, full_name)
VALUES (4, 'Наталя Лісна - визнаний поет і прозаїк. Народилася 28 лютого 1973 року.
Її творчість відзначена літературними преміями, а її поезії завжди залишають читачів враженими.', '1973-02-28', 1,
        'Наталя Лісна');

INSERT INTO authors (id, biography, birth_date, amount_of_books, full_name)
VALUES (5, 'Юрій Ключовий - автор кримінальних романів, чиї твори завжди тримають в напрузі. Народився 15 червня 1985 року.
Його книги підкорили серця любителів детективів.', '1985-06-15', 2, 'Юрій Ключовий');

INSERT INTO authors (id, biography, birth_date, amount_of_books, full_name)
VALUES (6, 'Ніна Чумак - фантастичний письменник, народилася 18 вересня 1979 року.
Її твори вражають оригінальністю та глибиною уявлення.', '1979-09-18', 4, 'Ніна Чумак');

INSERT INTO authors (id, biography, birth_date, amount_of_books, full_name)
VALUES (7, 'Оксана Коваль - визнана поетеса, народилася 25 січня 1988 року.
Її твори вражають своїм емоційним підходом до тем і глибоким зануренням у поетичний світ.',
        '1988-01-25', 3, 'Оксана Коваль');

INSERT INTO authors (id, biography, birth_date, amount_of_books, full_name)
VALUES (8, 'Андрій Павленко - публіцист і автор романів, висвітлюючих актуальні соціальні проблеми.
Народився 8 грудня 1970 року. Його твори викликають обговорення та роздуми.',
        '1970-12-08', 2, 'Андрій Павленко');

INSERT INTO authors (id, biography, birth_date, amount_of_books, full_name)
VALUES (9, 'Вікторія Дубровська - дитячий письменник, народилася 30 березня 1983 року.
Її казкові твори завоювали серця читачів своєю неповторною атмосферою.',
        '1983-03-30', 1, 'Вікторія Дубровська');

INSERT INTO authors (id, biography, birth_date, amount_of_books, full_name)
VALUES (10, 'Олег Шевченко - пригодницький письменник, автор бестселерів про подорожі.
Народився 20 липня 1977 року. Його твори захоплюють своєю захоплюючою історією і живописним описом місць.',
        '1977-07-20', 4, 'Олег Шевченко');

INSERT INTO books (id, description, pages, title, author_id)
VALUES
    (1, 'Дебютний роман про захоплюючі пригоди і таємниці, який переносить читача в неймовірний світ фантазії та вигадки.', 280, 'Шлях до Зірок', 1),
    (2, 'Поетична драма про кохання, втрати та невизнане щастя, що залишає в серці незабутні враження.', 200, 'Танець серця', 1),
    (3, 'Науково-фантастичний бестселер, який провокує думки про існування паралельних світів та загадки космосу.', 350, 'Загадка Паралельного Світу', 1);

INSERT INTO books (id, description, pages, title, author_id)
VALUES
    (4, 'Роман про втрачене кохання, справжні таємниці життя та невідомі містичні реалії, які плутають персонажів на шляху вирішення долі.',
     320, 'Скрижалі Суму', 2),
    (5, 'Детективна історія про розкриття злочину, заплутану в мереживі викликує напругу і адреналін.', 250, 'Тіні минулого', 2);

INSERT INTO books (id, description, pages, title, author_id)
VALUES
    (6, 'Історичний роман про події та інтриги середньовіччя, який змушує читача відчути дух того часу та взаємини героїв.',
     400, 'Князівські Ігри', 3),
    (7, 'Таємничий роман про зникнення особи з високим статусом, в якому кожна сторінка пронизана секретами і неочікуваними поворотами подій.'
    , 280, 'Загадковий лабіринт', 3),
    (8, 'Пригодницька драма в давньому світі, яка розповідає про величність та падіння героїв у боротьбі за владу та любов.',
     350, 'Останній легіон', 3),
    (9, 'Історичний роман про велику княгиню та її непересічний вплив на події великого князівства.',
     300, 'Любов інтриг', 3);

INSERT INTO books (id, description, pages, title, author_id)
VALUES
    (10, 'Поетична збірка, яка провокує до глибоких роздумів про життя, кохання та сенс існування.', 150, 'Сповідь Душі', 4);

INSERT INTO books (id, description, pages, title, author_id)
VALUES
    (11, 'Кримінальний трилер про розслідування заплутаної справи, де на кожній сторінці чекає несподіванка та адреналін.', 280, 'Темний Лабіринт', 5),
    (12, 'Детективна історія про серійного вбивцю, яка викликає страх та абсолютну несправедливість.', 320, 'Лінія Смерті', 5);

INSERT INTO books (id, description, pages, title, author_id)
VALUES
    (13, 'Фантастичний роман про захоплюючі подорожі в невідомі галактики, який відкриває перед читачем неймовірні можливості космічних шляхів.', 350, 'Ворота в Інші Реальності', 6),
    (14, 'Науково-фантастичний бестселер, де кожна сторінка наповнена пригодами та таємницями гіперпростору.', 400, 'Пригоди в Гіперпросторі', 6),
    (15, 'Спроба людини заволодіти стихіями природи в емоційному і філософському науково-фантастичному творі.', 280, 'Штучний Рай', 6),
    (16, 'Постапокаліптична драма про виживання людства в новому світі, де небезпека чатує на кожному кроці.', 320, 'Останній Захід', 6);

INSERT INTO books (id, description, pages, title, author_id)
VALUES
    (17, 'Сучасна поетична збірка, яка передає емоції миті весни та враження від неймовірної краси природи.', 120, 'Мить Весни', 7),
    (18, 'Поетичні роздуми про кохання, втрати та розлуку, які залишають слід в серці і душі кожного читача.', 150, 'Лебединий Спів', 7),
    (19, 'Вірші про життя та смисл існування, які заохочують до самопізнання та глибоких роздумів.', 180, 'Любов на крилах вітру', 7);

INSERT INTO books (id, description, pages, title, author_id)
VALUES
    (20, 'Соціальний роман про боротьбу індивіда за свої права та гідність у світі соціальних нерівностей і тотального контролю.', 280, 'Бій за Справедливість', 8),
    (21, 'Драматична історія про соціальні нерівності та боротьбу героя за справедливість у безжалісному світі.', 250, 'Пробудження Сумління', 8);

INSERT INTO books (id, description, pages, title, author_id)
VALUES
    (22, 'Казковий роман про пригоди та відкриття, який введе читачів у чарівний світ Лісової Країни та її таємниць.', 180, 'Таємниці Лісової Країни', 9);

INSERT INTO books (id, description, pages, title, author_id)
VALUES
    (23, 'Пригодницький роман про подорожі, який переносить читачів на шлях пошуку загубленого континенту і висновків про його таємниці.', 320, 'Пошук Загубленого Континенту', 10),
    (24, 'Екзотичний трилер про історію розкраденої артефактів та розслідування інтригуючих таємниць.', 280, 'Легенда Амазонії', 10),
    (25, 'Історія про пригоди в екзотичних місцях, де кожен персонаж випробовує свої межі і переосмислює життя.', 350, 'Острів Скарбів', 10),
    (26, 'Подорожній роман про перетин кордонів, який переносить читачів в неймовірні куточки світу та вивчення різноманітності культур.', 400, 'Вітер свободи', 10);

